{
	"credit": "Made by Veillax",
	"parent": "Carved Pumpkin",
	"texture_size": [32, 32],
	"textures": {
		"1": "hats/earmuffs/antlers",
		"particle": "hats/earmuffs/antlers"
	},
	"elements": [
		{
			"from": [11, 6, 6],
			"to": [14, 10, 10],
			"rotation": {"angle": 0, "axis": "y", "origin": [8, 10.5, 8]},
			"faces": {
				"north": {"uv": [0, 4, 1.5, 6], "texture": "#1"},
				"east": {"uv": [0, 0, 2, 2], "texture": "#1"},
				"south": {"uv": [4, 0, 5.5, 2], "texture": "#1"},
				"west": {"uv": [0, 2, 2, 4], "texture": "#1"},
				"up": {"uv": [3, 6, 1.5, 4], "texture": "#1"},
				"down": {"uv": [5.5, 2, 4, 4], "texture": "#1"}
			}
		},
		{
			"from": [2, 6, 6],
			"to": [5, 10, 10],
			"rotation": {"angle": 0, "axis": "y", "origin": [8, 10.5, 8]},
			"faces": {
				"north": {"uv": [3, 4, 4.5, 6], "texture": "#1"},
				"east": {"uv": [2, 0, 4, 2], "texture": "#1"},
				"south": {"uv": [4.5, 4, 6, 6], "texture": "#1"},
				"west": {"uv": [2, 2, 4, 4], "texture": "#1"},
				"up": {"uv": [7, 2, 5.5, 0], "texture": "#1"},
				"down": {"uv": [7, 2, 5.5, 4], "texture": "#1"}
			}
		},
		{
			"from": [3, 10, 7],
			"to": [5, 14, 9],
			"rotation": {"angle": 0, "axis": "y", "origin": [8, 10.5, 8]},
			"faces": {
				"north": {"uv": [6, 6, 7, 8], "texture": "#1"},
				"east": {"uv": [0, 7, 1, 9], "texture": "#1"},
				"south": {"uv": [7, 0, 8, 2], "texture": "#1"},
				"west": {"uv": [1, 7, 2, 9], "texture": "#1"},
				"up": {"uv": [6, 8, 5, 7], "texture": "#1"},
				"down": {"uv": [8, 6, 7, 7], "texture": "#1"}
			}
		},
		{
			"from": [5, 12, 7],
			"to": [11, 14, 9],
			"rotation": {"angle": 0, "axis": "y", "origin": [8, 10.5, 8]},
			"faces": {
				"north": {"uv": [0, 6, 3, 7], "texture": "#1"},
				"east": {"uv": [7, 7, 8, 8], "texture": "#1"},
				"south": {"uv": [3, 6, 6, 7], "texture": "#1"},
				"west": {"uv": [8, 0, 9, 1], "texture": "#1"},
				"up": {"uv": [9, 5, 6, 4], "texture": "#1"},
				"down": {"uv": [9, 5, 6, 6], "texture": "#1"}
			}
		},
		{
			"from": [11, 10, 7],
			"to": [13, 14, 9],
			"rotation": {"angle": 0, "axis": "y", "origin": [8, 10.5, 8]},
			"faces": {
				"north": {"uv": [2, 7, 3, 9], "texture": "#1"},
				"east": {"uv": [7, 2, 8, 4], "texture": "#1"},
				"south": {"uv": [3, 7, 4, 9], "texture": "#1"},
				"west": {"uv": [4, 7, 5, 9], "texture": "#1"},
				"up": {"uv": [9, 2, 8, 1], "texture": "#1"},
				"down": {"uv": [9, 2, 8, 3], "texture": "#1"}
			}
		},
		{
			"from": [13, 12, 7],
			"to": [14, 15, 9],
			"faces": {
				"north": {"uv": [7.5, 9.5, 8, 11], "texture": "#1"},
				"east": {"uv": [9, 1.5, 10, 3], "texture": "#1"},
				"south": {"uv": [9.5, 9, 10, 10.5], "texture": "#1"},
				"west": {"uv": [2, 9, 3, 10.5], "texture": "#1"},
				"up": {"uv": [11, 3, 10.5, 2], "texture": "#1"},
				"down": {"uv": [3, 10.5, 2.5, 11.5], "texture": "#1"}
			}
		},
		{
			"from": [15, 15, 7],
			"to": [16, 16, 9],
			"faces": {
				"north": {"uv": [9, 10.5, 9.5, 11], "texture": "#1"},
				"east": {"uv": [3.5, 10.5, 4.5, 11], "texture": "#1"},
				"south": {"uv": [9.5, 10.5, 10, 11], "texture": "#1"},
				"west": {"uv": [10.5, 4, 11.5, 4.5], "texture": "#1"},
				"up": {"uv": [5, 11.5, 4.5, 10.5], "texture": "#1"},
				"down": {"uv": [11, 4.5, 10.5, 5.5], "texture": "#1"}
			}
		},
		{
			"from": [13, 16, 7],
			"to": [14, 19, 9],
			"faces": {
				"north": {"uv": [10, 6, 10.5, 7.5], "texture": "#1"},
				"east": {"uv": [9, 6, 10, 7.5], "texture": "#1"},
				"south": {"uv": [10, 7.5, 10.5, 9], "texture": "#1"},
				"west": {"uv": [9, 7.5, 10, 9], "texture": "#1"},
				"up": {"uv": [11, 8.5, 10.5, 7.5], "texture": "#1"},
				"down": {"uv": [8.5, 10.5, 8, 11.5], "texture": "#1"}
			}
		},
		{
			"name": "gs",
			"from": [16, 15, 7],
			"to": [17, 18, 9],
			"faces": {
				"north": {"uv": [10, 3, 10.5, 4.5], "texture": "#1"},
				"east": {"uv": [4, 9, 5, 10.5], "texture": "#1"},
				"south": {"uv": [10, 4.5, 10.5, 6], "texture": "#1"},
				"west": {"uv": [9, 4.5, 10, 6], "texture": "#1"},
				"up": {"uv": [11, 6.5, 10.5, 5.5], "texture": "#1"},
				"down": {"uv": [11, 6.5, 10.5, 7.5], "texture": "#1"}
			}
		},
		{
			"name": "gs",
			"from": [14, 14, 7],
			"to": [15, 17, 9],
			"faces": {
				"north": {"uv": [10, 0, 10.5, 1.5], "texture": "#1"},
				"east": {"uv": [3, 9, 4, 10.5], "texture": "#1"},
				"south": {"uv": [10, 1.5, 10.5, 3], "texture": "#1"},
				"west": {"uv": [9, 3, 10, 4.5], "texture": "#1"},
				"up": {"uv": [3.5, 11.5, 3, 10.5], "texture": "#1"},
				"down": {"uv": [11, 3, 10.5, 4], "texture": "#1"}
			}
		},
		{
			"from": [2, 12, 7],
			"to": [3, 15, 9],
			"faces": {
				"north": {"uv": [5.5, 9.5, 6, 11], "texture": "#1"},
				"east": {"uv": [8, 7.5, 9, 9], "texture": "#1"},
				"south": {"uv": [6, 9.5, 6.5, 11], "texture": "#1"},
				"west": {"uv": [0, 9, 1, 10.5], "texture": "#1"},
				"up": {"uv": [1.5, 11.5, 1, 10.5], "texture": "#1"},
				"down": {"uv": [11, 1, 10.5, 2], "texture": "#1"}
			}
		},
		{
			"name": "gs",
			"from": [1, 14, 7],
			"to": [2, 17, 9],
			"faces": {
				"north": {"uv": [9, 9, 9.5, 10.5], "texture": "#1"},
				"east": {"uv": [8, 6, 9, 7.5], "texture": "#1"},
				"south": {"uv": [5, 9.5, 5.5, 11], "texture": "#1"},
				"west": {"uv": [7, 8, 8, 9.5], "texture": "#1"},
				"up": {"uv": [11, 1, 10.5, 0], "texture": "#1"},
				"down": {"uv": [1, 10.5, 0.5, 11.5], "texture": "#1"}
			}
		},
		{
			"from": [0, 15, 7],
			"to": [1, 16, 9],
			"faces": {
				"north": {"uv": [8.5, 10.5, 9, 11], "texture": "#1"},
				"east": {"uv": [10, 9, 11, 9.5], "texture": "#1"},
				"south": {"uv": [10.5, 8.5, 11, 9], "texture": "#1"},
				"west": {"uv": [10, 9.5, 11, 10], "texture": "#1"},
				"up": {"uv": [10.5, 11, 10, 10], "texture": "#1"},
				"down": {"uv": [0.5, 10.5, 0, 11.5], "texture": "#1"}
			}
		},
		{
			"name": "gs",
			"from": [-1, 15, 7],
			"to": [0, 18, 9],
			"faces": {
				"north": {"uv": [8, 9, 8.5, 10.5], "texture": "#1"},
				"east": {"uv": [5, 8, 6, 9.5], "texture": "#1"},
				"south": {"uv": [8.5, 9, 9, 10.5], "texture": "#1"},
				"west": {"uv": [6, 8, 7, 9.5], "texture": "#1"},
				"up": {"uv": [8.5, 4, 8, 3], "texture": "#1"},
				"down": {"uv": [9, 3, 8.5, 4], "texture": "#1"}
			}
		},
		{
			"from": [2, 16, 7],
			"to": [3, 19, 9],
			"faces": {
				"north": {"uv": [6.5, 9.5, 7, 11], "texture": "#1"},
				"east": {"uv": [9, 0, 10, 1.5], "texture": "#1"},
				"south": {"uv": [7, 9.5, 7.5, 11], "texture": "#1"},
				"west": {"uv": [1, 9, 2, 10.5], "texture": "#1"},
				"up": {"uv": [2, 11.5, 1.5, 10.5], "texture": "#1"},
				"down": {"uv": [2.5, 10.5, 2, 11.5], "texture": "#1"}
			}
		}
	],
	"display": {
		"thirdperson_righthand": {
			"translation": [0, -3, 0],
			"scale": [0.69, 0.69, 0.69]
		},
		"thirdperson_lefthand": {
			"translation": [0, -0.3, 0],
			"scale": [0.69, 0.69, 0.69]
		},
		"firstperson_righthand": {
			"translation": [1, -1, 0]
		},
		"firstperson_lefthand": {
			"translation": [1, -1, 0]
		},
		"ground": {
			"translation": [0, -1.5, 0]
		},
		"gui": {
			"translation": [0, -2.5, 0],
			"scale": [1.5, 1.5, 1.5]
		},
		"head": {
			"translation": [0, -1.25, 0],
			"scale": [1.5, 1.5, 1.5]
		},
		"fixed": {
			"translation": [0, -5.25, 0],
			"scale": [1.5, 1.5, 1.5]
		}
	},
	"groups": [
		{
			"name": "Earmufs",
			"origin": [0, 0, 0],
			"color": 0,
			"nbt": "{}",
			"children": [0, 1, 2, 3, 4, 5, 6, 7, 8, 9, 10, 11, 12, 13, 14]
		}
	]
}