{
	"credit": "Made by Veillax",
	"parent": "Carved Pumpkin",
	"texture_size": [32, 32],
	"textures": {
		"1": "hats/earmuffs/earmuff",
		"particle": "hats/earmuffs/earmuff"
	},
	"elements": [
		{
			"from": [11, 6, 6],
			"to": [14, 10, 10],
			"rotation": {"angle": 0, "axis": "y", "origin": [8, 10.5, 8]},
			"faces": {
				"north": {"uv": [0, 4, 1.5, 6], "texture": "#1"},
				"east": {"uv": [0, 0, 2, 2], "texture": "#1"},
				"south": {"uv": [4, 0, 5.5, 2], "texture": "#1"},
				"west": {"uv": [0, 2, 2, 4], "texture": "#1"},
				"up": {"uv": [3, 6, 1.5, 4], "texture": "#1"},
				"down": {"uv": [5.5, 2, 4, 4], "texture": "#1"}
			}
		},
		{
			"from": [2, 6, 6],
			"to": [5, 10, 10],
			"rotation": {"angle": 0, "axis": "y", "origin": [8, 10.5, 8]},
			"faces": {
				"north": {"uv": [3, 4, 4.5, 6], "texture": "#1"},
				"east": {"uv": [2, 0, 4, 2], "texture": "#1"},
				"south": {"uv": [4.5, 4, 6, 6], "texture": "#1"},
				"west": {"uv": [2, 2, 4, 4], "texture": "#1"},
				"up": {"uv": [7, 2, 5.5, 0], "texture": "#1"},
				"down": {"uv": [7, 2, 5.5, 4], "texture": "#1"}
			}
		},
		{
			"from": [3, 10, 7],
			"to": [5, 14, 9],
			"rotation": {"angle": 0, "axis": "y", "origin": [8, 10.5, 8]},
			"faces": {
				"north": {"uv": [6, 6, 7, 8], "texture": "#1"},
				"east": {"uv": [0, 7, 1, 9], "texture": "#1"},
				"south": {"uv": [7, 0, 8, 2], "texture": "#1"},
				"west": {"uv": [1, 7, 2, 9], "texture": "#1"},
				"up": {"uv": [6, 8, 5, 7], "texture": "#1"},
				"down": {"uv": [8, 6, 7, 7], "texture": "#1"}
			}
		},
		{
			"from": [5, 12, 7],
			"to": [11, 14, 9],
			"rotation": {"angle": 0, "axis": "y", "origin": [8, 10.5, 8]},
			"faces": {
				"north": {"uv": [0, 6, 3, 7], "texture": "#1"},
				"east": {"uv": [7, 7, 8, 8], "texture": "#1"},
				"south": {"uv": [3, 6, 6, 7], "texture": "#1"},
				"west": {"uv": [8, 0, 9, 1], "texture": "#1"},
				"up": {"uv": [9, 5, 6, 4], "texture": "#1"},
				"down": {"uv": [9, 5, 6, 6], "texture": "#1"}
			}
		},
		{
			"from": [11, 10, 7],
			"to": [13, 14, 9],
			"rotation": {"angle": 0, "axis": "y", "origin": [8, 10.5, 8]},
			"faces": {
				"north": {"uv": [2, 7, 3, 9], "texture": "#1"},
				"east": {"uv": [7, 2, 8, 4], "texture": "#1"},
				"south": {"uv": [3, 7, 4, 9], "texture": "#1"},
				"west": {"uv": [4, 7, 5, 9], "texture": "#1"},
				"up": {"uv": [9, 2, 8, 1], "texture": "#1"},
				"down": {"uv": [9, 2, 8, 3], "texture": "#1"}
			}
		}
	],
	"display": {
		"thirdperson_righthand": {
			"translation": [0, -3, 0],
			"scale": [0.69, 0.69, 0.69]
		},
		"thirdperson_lefthand": {
			"translation": [0, -0.3, 0],
			"scale": [0.69, 0.69, 0.69]
		},
		"firstperson_righthand": {
			"translation": [1, -0.5, 0]
		},
		"firstperson_lefthand": {
			"translation": [1, -0.5, 0]
		},
		"ground": {
			"translation": [0, -1.5, 0]
		},
		"gui": {
			"translation": [0, -2.5, 0],
			"scale": [1.5, 1.5, 1.5]
		},
		"head": {
			"translation": [0, -1.25, 0],
			"scale": [1.5, 1.5, 1.5]
		},
		"fixed": {
			"translation": [0, -1.5, 0],
			"scale": [1.5, 1.5, 1.5]
		}
	},
	"groups": [
		{
			"name": "Earmufs",
			"origin": [0, 0, 0],
			"color": 0,
			"nbt": "{}",
			"children": [0, 1, 2, 3, 4]
		}
	]
}